threshold,precision,recall,f1,pred_positive_rate,pred_positive_count,model
0.7,0.3853658536585366,0.5677618069815195,0.45911166459111663,0.05489251013694438,1435,cb_depth7_lr003_l2_8
0.75,0.4436974789915966,0.5420944558521561,0.4879852125693161,0.04552061816234412,1190,cb_depth7_lr003_l2_8
0.8,0.49580712788259956,0.4856262833675565,0.49066390041493774,0.03649299977048428,954,cb_depth7_lr003_l2_8
0.85,0.5636856368563685,0.4271047227926078,0.48598130841121495,0.028230433784714255,738,cb_depth7_lr003_l2_8
0.9,0.644808743169399,0.36344969199178645,0.4648719632304662,0.02100068854716548,549,cb_depth7_lr003_l2_8
