pair,accuracy,cohen_kappa
R1-R2,0.61,0.012158054711246091
R1-R3,0.58,0.1264559068219634
R2-R3,0.5544554455445545,0.05312499999999998
