tp,fp,fn,tn,precision,recall,fpr,selected,respondent,target
14,20,23,44,0.4117647058823529,0.3783783783783784,0.3125,34,R1,control_or_block_vs_true_fraud
0,0,37,64,0.0,0.0,0.0,0,R1,block_vs_true_fraud
8,7,29,57,0.5333333333333333,0.21621621621621623,0.109375,15,R2,control_or_block_vs_true_fraud
1,1,36,63,0.5,0.02702702702702703,0.015625,2,R2,block_vs_true_fraud
26,19,11,45,0.5777777777777777,0.7027027027027027,0.296875,45,R3,control_or_block_vs_true_fraud
0,0,37,64,0.0,0.0,0.0,0,R3,block_vs_true_fraud
